{
  "EVMChains": [
    {
      "Enable": false, // false 表示不启用此区块链， true 表示启用
      "ChainName": "以太坊",
      "ChainNameEN": "ETH",
      "BaseCoin": "ETH",
      "Decimals": 18,
      "ScanHost": "https://etherscan.io",
      "ChainId": 1, //各个ETH系的ChainId可在此页面检索 https://docs.etherscan.io/etherscan-v2/supported-chains
      "ApiKey": "必填项", // 使用ETH V2 Api，申请教程 https://docs.etherscan.io/etherscan-v2/getting-an-api-key
      "ERC20Name": "ERC20",
      "ERC20": [
        {
          "Name": "USDT",
          "ContractAddress": "0xdAC17F958D2ee523a2206206994597C13D831ec7"
        },
        {
          "Name": "USDC",
          "ContractAddress": "0xa0b86991c6218b36c1d19d4a2e9eb0ce3606eb48"
        }
      ]
    },
    {
      "Enable": false, // false 表示不启用此区块链， true 表示启用
      "ChainName": "币安智能链",
      "ChainNameEN": "BSC",
      "BaseCoin": "BNB",
      "Decimals": 18,
      "ScanHost": "https://www.bscscan.com",
      "ChainId": 56, //各个ETH系的ChainId可在此页面检索 https://docs.etherscan.io/etherscan-v2/supported-chains
      "ApiKey": "必填项", // 使用ETH V2 Api，申请教程 https://docs.etherscan.io/etherscan-v2/getting-an-api-key
      "ERC20Name": "BEP20",
      "ERC20": [
        {
          "Name": "USDT",
          "ContractAddress": "0x55d398326f99059ff775485246999027b3197955"
        },
        {
          "Name": "USDC",
          "ContractAddress": "0x8AC76a51cc950d9822D68b83fE1Ad97B32Cd580d"
        }
      ]
    },
    {
      "Enable": false, // false 表示不启用此区块链， true 表示启用
      "ChainName": "Polygon",
      "ChainNameEN": "Polygon",
      "BaseCoin": "POL",
      "Decimals": 18,
      "ScanHost": "https://polygonscan.com",
      "ChainId": 137, //各个ETH系的ChainId可在此页面检索 https://docs.etherscan.io/etherscan-v2/supported-chains
      "ApiKey": "必填项", // 使用ETH V2 Api，申请教程 https://docs.etherscan.io/etherscan-v2/getting-an-api-key
      "ERC20Name": "ERC20",
      "ERC20": [
        {
          "Name": "USDT",
          "ContractAddress": "0xc2132D05D31c914a87C6611C10748AEb04B58e8F"
        },
        {
          "Name": "USDC",
          "ContractAddress": "0x3c499c542cEF5E3811e1192ce70d8cC03d5c3359"
        }
      ]
    }
  ]
}
